candidate_id,rank,score,reasoning
CAND_0095619,1,0.827976,"The candidate's expertise in Pinecone and Weaviate aligns with the technical requirements for a Senior AI Engineer role focused on retrieval/ranking systems. However, their last active GitHub activity is significantly beyond the notice period."
CAND_0061257,2,0.820905,"The candidate's expertise in Search Infrastructure and Python align well with the Senior AI Engineer role requirements. However, their last active GitHub activity is recent, which may raise concerns about current engagement."
CAND_0054394,3,0.817199,The candidate has extensive experience in recommendation systems and fine-tuning LLMs which align with the Senior AI Engineer role requirements. Their Python expertise and recent activity on GitHub indicate a strong technical background.
CAND_0046132,4,0.816656,"The candidate has a strong background in AI with advanced skills in OpenCV and GANs which align well with the retrieval/ranking systems required. However, their last active GitHub activity is quite recent, raising questions about current engagement."
CAND_0068932,5,0.814064,"The candidate has extensive experience in machine learning and a strong background in Python, which aligns well with the Senior AI Engineer role. However, their last active GitHub activity is quite recent, raising questions about current engagement."
CAND_0091534,6,0.809157,"The candidate has extensive experience in AI with expertise in scikit-learn and LangChain which aligns well with the retrieval/ranking systems required. However, their GitHub activity is recent, raising a slight concern about current engagement."
CAND_0052328,7,0.805632,"The candidate has extensive experience in recommendation systems and expertise with relevant technologies such as scikit-learn and Sentence Transformers. However, the last active GitHub activity is slightly over a year ago which may raise concerns about current engagement."
CAND_0037566,8,0.804340,"The candidate's expertise in LangChain and TensorFlow aligns with the AI Engineer role requirements. However, their last active GitHub activity is recent, which may raise concerns about current engagement."
CAND_0097176,9,0.791280,"The candidate has extensive experience in machine learning and proficiency with Python, which aligns well with the Senior AI Engineer role. However, their last active GitHub activity is slightly over a year ago."
CAND_0051004,10,0.777694,The candidate's expertise in Vector Search and Haystack aligns with retrieval/ranking system requirements. Their willingness to relocate is a positive factor for the startup.
CAND_0087364,11,0.740563,"Plausible fit: Recommendation Systems Engineer with 5y at Glance; depth in LlamaIndex (expert, 91mo)."
CAND_0087630,12,0.728319,"Plausible fit: AI Engineer (7y, Vedantu) — built on QLoRA (expert, 92mo)."
CAND_0082262,13,0.728243,"Plausible fit: 6y Senior Software Engineer (ML); Weaviate (advanced, 51mo) stands out from the profile."
CAND_0012888,14,0.720515,"Plausible fit: Junior ML Engineer with 6y at Genpact AI; depth in Kubeflow (advanced, 58mo)."
CAND_0037160,15,0.712674,"Plausible fit: 6y Data Scientist; TTS (advanced, 57mo) stands out from the profile."
CAND_0070525,16,0.703123,"Plausible fit: 5y Senior Software Engineer (ML); Recommendation Systems (advanced, 53mo) stands out from the profile."
CAND_0027691,17,0.701408,"Plausible fit: NLP Engineer with 6y at Haptik; depth in Recommendation Systems (expert, 92mo)."
CAND_0083879,18,0.698809,"Plausible fit: Machine Learning Engineer with 7y at Ola; depth in Fine-tuning LLMs (expert, 90mo)."
CAND_0043676,19,0.692071,"Plausible fit: Senior Software Engineer (ML) (6y, Observe.AI) — built on ASR (advanced, 52mo)."
CAND_0081852,20,0.688974,"Plausible fit: Senior Data Scientist (6y, Mad Street Den) — built on LoRA (expert, 76mo)."
CAND_0099806,21,0.683888,"Plausible fit: 5y AI Engineer; Prompt Engineering (expert, 94mo) stands out from the profile."
CAND_0017960,22,0.683802,"Plausible fit: Recommendation Systems Engineer with 8y at Nykaa; depth in Haystack (expert, 75mo)."
CAND_0052360,23,0.683439,"Plausible fit: 3y ML Engineer; Python (advanced, 53mo) stands out from the profile."
CAND_0004402,24,0.678088,"Plausible fit: 6y AI Research Engineer; BentoML (advanced, 54mo) stands out from the profile."
CAND_0018888,25,0.677382,"Plausible fit: AI Research Engineer (6y, Razorpay) — built on Information Retrieval (advanced, 51mo)."
CAND_0068811,26,0.676610,"Plausible fit: Applied ML Engineer (8y, Freshworks) — built on Pinecone (expert, 86mo)."
CAND_0073007,27,0.675995,"Plausible fit: AI Specialist (6y, Aganitha) — built on Embeddings (advanced, 57mo)."
CAND_0091890,28,0.675036,"Plausible fit: AI Research Engineer with 5y at Verloop.io; depth in scikit-learn (advanced, 58mo)."
CAND_0043860,29,0.671436,"Plausible fit: 6y Junior ML Engineer; OpenCV (advanced, 60mo) stands out from the profile."
CAND_0082086,30,0.671106,"Plausible fit: 6y Senior Software Engineer (ML); PyTorch (advanced, 53mo) stands out from the profile."
CAND_0096104,31,0.667377,"Plausible fit: AI Specialist with 7y at Yellow.ai; depth in Data Science (advanced, 57mo)."
CAND_0043381,32,0.665454,"Plausible fit: AI Research Engineer with 4y at PharmEasy; depth in OpenSearch (advanced, 57mo)."
CAND_0021410,33,0.653194,"Plausible fit: 4y Junior ML Engineer; LLMs (advanced, 59mo) stands out from the profile."
CAND_0046525,34,0.652327,"Plausible fit: 6y Senior Machine Learning Engineer; Sentence Transformers (expert, 74mo) stands out from the profile."
CAND_0033179,35,0.649165,"Plausible fit: 7y AI Research Engineer; Speech Recognition (advanced, 47mo) stands out from the profile."
CAND_0015967,36,0.648214,"Plausible fit: Senior Software Engineer (ML) with 5y at Razorpay; depth in Deep Learning (advanced, 50mo)."
CAND_0032216,37,0.646003,"Plausible fit: 6y ML Engineer; PyTorch (advanced, 51mo) stands out from the profile."
CAND_0003841,38,0.644492,"Plausible fit: ML Engineer with 5y at Tech Mahindra; depth in Pinecone (advanced, 58mo)."
CAND_0070589,39,0.643278,"Plausible fit: ML Engineer (4y, Meesho) — built on NLP (advanced, 38mo)."
CAND_0093331,40,0.640481,"Plausible fit: 16y NLP Engineer; LangChain (expert, 76mo) stands out from the profile."
CAND_0012840,41,0.637256,"Plausible fit: 4y Junior ML Engineer; OpenSearch (advanced, 43mo) stands out from the profile."
CAND_0064326,42,0.636771,"Plausible fit: Search Engineer with 8y at Sarvam AI; depth in QLoRA (expert, 76mo)."
CAND_0040946,43,0.635942,"Plausible fit: AI Research Engineer (6y, TCS) — built on BentoML (advanced, 55mo)."
CAND_0042056,44,0.634196,"Plausible fit: AI Research Engineer with 3y at Haptik; depth in Sentence Transformers (advanced, 57mo)."
CAND_0073504,45,0.632140,"Plausible fit: Junior ML Engineer with 7y at PolicyBazaar; depth in MLflow (advanced, 58mo)."
CAND_0063328,46,0.630829,"Plausible fit: 5y Computer Vision Engineer; FAISS (advanced, 58mo) stands out from the profile."
CAND_0088335,47,0.630616,"Plausible fit: AI Research Engineer (6y, Tech Mahindra) — built on Feature Engineering (advanced, 59mo)."
CAND_0088237,48,0.630187,"Plausible fit: Computer Vision Engineer with 4y at Freshworks; depth in Information Retrieval (advanced, 57mo)."
CAND_0010541,49,0.629525,"Plausible fit: AI Research Engineer (6y, Wysa) — built on NLP (intermediate, 35mo)."
CAND_0075502,50,0.626953,"Plausible fit: Senior Software Engineer (ML) (3y, PharmEasy) — built on Semantic Search (advanced, 60mo)."
CAND_0041669,51,0.625876,"Adjacent fit: 8y Recommendation Systems Engineer; Semantic Search (expert, 93mo) stands out from the profile."
CAND_0043450,52,0.625613,"Adjacent fit: AI Research Engineer (3y, Krutrim) — built on Sentence Transformers (advanced, 57mo)."
CAND_0083637,53,0.621058,"Adjacent fit: 3y ML Engineer; Embeddings (advanced, 56mo) stands out from the profile."
CAND_0066999,54,0.611297,"Adjacent fit: Recommendation Systems Engineer (6y, Microsoft) — built on LLMs (expert, 94mo)."
CAND_0086022,55,0.610899,"Adjacent fit: 5y Senior Applied Scientist; PyTorch (expert, 94mo) stands out from the profile."
CAND_0094759,56,0.610208,"Adjacent fit: Lead AI Engineer (9y, Meta) — built on Prompt Engineering (expert, 95mo)."
CAND_0040178,57,0.609452,"Adjacent fit: ML Engineer with 5y at Meesho; depth in OpenSearch (advanced, 56mo)."
CAND_0060054,58,0.609264,"Adjacent fit: AI Engineer with 6y at Mad Street Den; depth in Recommendation Systems (expert, 87mo)."
CAND_0006567,59,0.608053,"Adjacent fit: Senior AI Engineer (8y, Meta) — built on Prompt Engineering (expert, 94mo)."
CAND_0061696,60,0.607405,"Adjacent fit: 4y Senior Software Engineer (ML); Machine Learning (advanced, 50mo) stands out from the profile."
CAND_0069771,61,0.605253,"Adjacent fit: Junior ML Engineer (6y, Sarvam AI) — built on CNN (advanced, 60mo)."
CAND_0027723,62,0.604468,"Adjacent fit: 4y ML Engineer; Feature Engineering (advanced, 45mo) stands out from the profile."
CAND_0087744,63,0.598274,"Adjacent fit: 4y Senior Software Engineer (ML); Pinecone (advanced, 58mo) stands out from the profile."
CAND_0030348,64,0.597648,"Adjacent fit: 4y Machine Learning Engineer; LlamaIndex (expert, 96mo) stands out from the profile."
CAND_0098846,65,0.597637,"Adjacent fit: 8y AI Engineer; Qdrant (expert, 95mo) stands out from the profile."
CAND_0010770,66,0.596324,"Adjacent fit: Recommendation Systems Engineer with 15y at Aganitha; depth in Haystack (expert, 76mo)."
CAND_0094685,67,0.595629,"Adjacent fit: 4y AI Research Engineer; OpenCV (advanced, 52mo) stands out from the profile."
CAND_0057453,68,0.593884,"Adjacent fit: Computer Vision Engineer (4y, Wipro) — built on Kubeflow (intermediate, 33mo)."
CAND_0000031,69,0.591204,"Adjacent fit: 6y Recommendation Systems Engineer; Pinecone (expert, 88mo) stands out from the profile."
CAND_0020494,70,0.590171,"Adjacent fit: AI Research Engineer (6y, Vedantu) — built on Embeddings (advanced, 56mo)."
CAND_0015543,71,0.589621,"Adjacent fit: ML Engineer (3y, upGrad) — built on Prompt Engineering (advanced, 55mo)."
CAND_0025923,72,0.588660,"Adjacent fit: 5y Senior Software Engineer (ML); Speech Recognition (advanced, 57mo) stands out from the profile."
CAND_0057134,73,0.586967,"Adjacent fit: Data Scientist (3y, PhonePe) — built on Weights & Biases (advanced, 60mo)."
CAND_0098454,74,0.580516,"Adjacent fit: AI Specialist (7y, Meesho) — built on Feature Engineering (advanced, 56mo)."
CAND_0012988,75,0.574744,"Adjacent fit: 4y Senior Software Engineer (ML); pgvector (advanced, 60mo) stands out from the profile."
CAND_0052498,76,0.572637,"Adjacent fit: ML Engineer with 5y at Wysa; depth in OpenCV (advanced, 60mo)."
CAND_0060257,77,0.571937,"Adjacent fit: AI Specialist with 6y at Paytm; depth in OpenSearch (advanced, 51mo)."
CAND_0054123,78,0.569210,"Adjacent fit: Applied ML Engineer with 5y at Meta; depth in LangChain (expert, 82mo)."
CAND_0091909,79,0.565263,"Adjacent fit: Machine Learning Engineer with 7y at Rephrase.ai; depth in Hugging Face Transformers (expert, 94mo)."
CAND_0074024,80,0.561298,"Adjacent fit: 4y AI Specialist; scikit-learn (advanced, 59mo) stands out from the profile."
CAND_0059795,81,0.560571,"Adjacent fit: Senior Software Engineer (ML) (6y, Locobuzz) — built on Data Science (advanced, 60mo)."
CAND_0064904,82,0.560281,"Adjacent fit: AI Engineer with 5y at LinkedIn; depth in TensorFlow (expert, 91mo). Concern: 90-day notice."
CAND_0042029,83,0.557429,"Adjacent fit: 6y Senior Data Scientist; OpenSearch (expert, 96mo) stands out from the profile."
CAND_0010603,84,0.557034,"Adjacent fit: ML Engineer (5y, BYJU'S) — built on Forecasting (advanced, 50mo). Concern: 90-day notice."
CAND_0015065,85,0.556942,"Adjacent fit: 4y AI Research Engineer; Information Retrieval (advanced, 57mo) stands out from the profile. Concern: 90-day notice."
CAND_0007411,86,0.553501,"Adjacent fit: 8y Senior Machine Learning Engineer; OpenSearch (expert, 86mo) stands out from the profile. Concern: dormant 181d."
CAND_0036863,87,0.552200,"Adjacent fit: Senior Data Scientist with 4y at upGrad; depth in LoRA (expert, 90mo)."
CAND_0091348,88,0.548534,"Adjacent fit: Senior Software Engineer (ML) (4y, Rephrase.ai) — built on Qdrant (advanced, 58mo)."
CAND_0000273,89,0.548434,"Adjacent fit: ML Engineer (6y, BYJU'S) — built on Forecasting (advanced, 60mo)."
CAND_0094728,90,0.547337,"Adjacent fit: AI Specialist with 6y at Swiggy; depth in BM25 (advanced, 53mo)."
CAND_0062247,91,0.546560,"Adjacent fit: AI Engineer (7y, Google) — built on Qdrant (expert, 90mo)."
CAND_0070333,92,0.541437,"Adjacent fit: 5y AI Research Engineer; LLMs (advanced, 57mo) stands out from the profile."
CAND_0036121,93,0.540964,"Adjacent fit: ML Engineer with 5y at Wysa; depth in Diffusion Models (advanced, 49mo)."
CAND_0084681,94,0.537970,"Adjacent fit: AI Specialist (4y, Zomato) — built on Object Detection (advanced, 50mo)."
CAND_0065277,95,0.537899,"Adjacent fit: Computer Vision Engineer with 6y at Aganitha; depth in Sentence Transformers (advanced, 57mo)."
CAND_0069638,96,0.537186,"Adjacent fit: 6y Computer Vision Engineer; Pinecone (advanced, 60mo) stands out from the profile."
CAND_0091899,97,0.534169,"Adjacent fit: 6y Senior Software Engineer (ML); Semantic Search (advanced, 54mo) stands out from the profile."
CAND_0067403,98,0.528946,"Adjacent fit: 5y Junior ML Engineer; Weights & Biases (advanced, 60mo) stands out from the profile."
CAND_0057563,99,0.527925,"Adjacent fit: NLP Engineer (7y, Locobuzz) — built on OpenSearch (expert, 94mo)."
CAND_0080344,100,0.525290,"Adjacent fit: Senior Software Engineer (ML) with 5y at Zoho; depth in Weights & Biases (advanced, 54mo). Concern: 90-day notice."
